	NK cell	T cell CD4	T cell CD8
HD30_PBMC_0	0.07730838	0.4025731	0.48541138
HD30_PBMC_1	0.06936207	0.35593486	0.5538259
HD30_PBMC_3	0.063431546	0.43758237	0.43726423
HD30_PBMC_7	0.068728454	0.46479425	0.43163025
HD31_PBMC_0	0.024658585	0.48679113	0.21660605
HD31_PBMC_1	0.017064117	0.48692673	0.19255704
HD31_PBMC_3	0.023528876	0.5271495	0.2350325
HD31_PBMC_7	0.033083256	0.520013	0.2566492
